epoch,loss,algorithm,date,trial,train_acc,validation_acc,test_acc
0.0,352.089599609375,graph-conv,2020-04,0.0,0.16071397066116333,0.1625482439994812,0.16503189504146576
1.0,301.95867919921875,graph-conv,2020-04,0.0,0.16071397066116333,0.1625482439994812,0.16503189504146576
2.0,252.72946166992188,graph-conv,2020-04,0.0,0.16071397066116333,0.1625482439994812,0.16503189504146576
3.0,204.40118408203125,graph-conv,2020-04,0.0,0.16071397066116333,0.1625482439994812,0.16503189504146576
4.0,156.93490600585938,graph-conv,2020-04,0.0,0.16071397066116333,0.1625482439994812,0.16503189504146576
5.0,110.23039245605469,graph-conv,2020-04,0.0,0.16071397066116333,0.1625482439994812,0.16503189504146576
6.0,64.09638977050781,graph-conv,2020-04,0.0,0.16074076294898987,0.16257503628730774,0.16508549451828003
7.0,64.40038299560547,graph-conv,2020-04,0.0,0.5928281545639038,0.588523805141449,0.5865626931190491
8.0,68.9377670288086,graph-conv,2020-04,0.0,0.5928281545639038,0.588523805141449,0.5865626931190491
9.0,69.96084594726562,graph-conv,2020-04,0.0,0.5928281545639038,0.588523805141449,0.5865626931190491
0.0,1960.8629150390625,graph-SAGE,2020-04,0.0,0.5928281545639038,0.588523805141449,0.5865626931190491
1.0,1574.4404296875,graph-SAGE,2020-04,0.0,0.5928281545639038,0.588523805141449,0.5865626931190491
2.0,1192.9228515625,graph-SAGE,2020-04,0.0,0.5928281545639038,0.588523805141449,0.5865626931190491
3.0,814.6659545898438,graph-SAGE,2020-04,0.0,0.5928192138671875,0.588523805141449,0.5865626931190491
4.0,511.5869445800781,graph-SAGE,2020-04,0.0,0.48814523220062256,0.48839515447616577,0.48429542779922485
5.0,610.0955810546875,graph-SAGE,2020-04,0.0,0.2561328709125519,0.2571558654308319,0.25786566734313965
6.0,625.1670532226562,graph-SAGE,2020-04,0.0,0.1742214411497116,0.17769081890583038,0.17928928136825562
7.0,530.8927001953125,graph-SAGE,2020-04,0.0,0.22134573757648468,0.22386899590492249,0.2239105999469757
8.0,546.9078979492188,graph-SAGE,2020-04,0.0,0.23168182373046875,0.2332761585712433,0.23170927166938782
9.0,437.4234924316406,graph-SAGE,2020-04,0.0,0.23289677500724792,0.23408019542694092,0.23377284407615662
0.0,5.2293898988864385e-06,GAT-Conv,2020-04,0.0,0.2089102864265442,0.20773477852344513,0.21431633830070496
1.0,9.332271702078287e-07,GAT-Conv,2020-04,0.0,0.30426666140556335,0.296794593334198,0.3022190034389496
2.0,2.874679694286897e-07,GAT-Conv,2020-04,0.0,0.4465329051017761,0.4410913288593292,0.43980810046195984
3.0,3.9305990640059463e-07,GAT-Conv,2020-04,0.0,0.436321884393692,0.43380147218704224,0.4304550588130951
4.0,7.156019137255498e-07,GAT-Conv,2020-04,0.0,0.4444245994091034,0.44460228085517883,0.44562363624572754
5.0,8.63979039422702e-07,GAT-Conv,2020-04,0.0,0.43968090415000916,0.440046101808548,0.44096049666404724
6.0,8.368232329303282e-07,GAT-Conv,2020-04,0.0,0.4382336735725403,0.43908125162124634,0.4399152994155884
7.0,7.267516366482596e-07,GAT-Conv,2020-04,0.0,0.4402526319026947,0.4397512972354889,0.4398617148399353
8.0,5.987117219774518e-07,GAT-Conv,2020-04,0.0,0.44066357612609863,0.4395100772380829,0.43996891379356384
9.0,4.772987267642748e-07,GAT-Conv,2020-04,0.0,0.44420126080513,0.445111483335495,0.444042444229126
0.0,979.5869140625,graph-conv,2020-04,1.0,0.24645785987377167,0.24892796576023102,0.24840542674064636
1.0,728.1280517578125,graph-conv,2020-04,1.0,0.24645785987377167,0.24892796576023102,0.24840542674064636
2.0,477.5078125,graph-conv,2020-04,1.0,0.24645785987377167,0.24892796576023102,0.24840542674064636
3.0,402.4591369628906,graph-conv,2020-04,1.0,0.16071397066116333,0.1625482439994812,0.16503189504146576
4.0,331.79132080078125,graph-conv,2020-04,1.0,0.16071397066116333,0.1625482439994812,0.16503189504146576
5.0,219.81491088867188,graph-conv,2020-04,1.0,0.16071397066116333,0.1625482439994812,0.16503189504146576
6.0,84.6885986328125,graph-conv,2020-04,1.0,0.16071397066116333,0.1625482439994812,0.16503189504146576
7.0,129.86227416992188,graph-conv,2020-04,1.0,0.5928281545639038,0.588523805141449,0.5865626931190491
8.0,181.36375427246094,graph-conv,2020-04,1.0,0.5928281545639038,0.588523805141449,0.5865626931190491
9.0,214.6475372314453,graph-conv,2020-04,1.0,0.5928281545639038,0.588523805141449,0.5865626931190491
0.0,1792.093017578125,graph-SAGE,2020-04,1.0,0.25223785638809204,0.2531089186668396,0.2539261281490326
1.0,1254.3160400390625,graph-SAGE,2020-04,1.0,0.3968804180622101,0.3939483165740967,0.39274802803993225
2.0,1141.004150390625,graph-SAGE,2020-04,1.0,0.4981328845024109,0.4979899227619171,0.4932197034358978
3.0,1005.7876586914062,graph-SAGE,2020-04,1.0,0.5895763635635376,0.5855756998062134,0.5835879445075989
4.0,826.265869140625,graph-SAGE,2020-04,1.0,0.5897729396820068,0.5857096910476685,0.583802342414856
5.0,611.5467529296875,graph-SAGE,2020-04,1.0,0.5036627650260925,0.5038057565689087,0.4995979964733124
6.0,397.63555908203125,graph-SAGE,2020-04,1.0,0.49882078170776367,0.4984455406665802,0.4936752915382385
7.0,227.80465698242188,graph-SAGE,2020-04,1.0,0.4247887134552002,0.4231346547603607,0.4179128408432007
8.0,605.7655029296875,graph-SAGE,2020-04,1.0,0.24773535132408142,0.250080406665802,0.2500937879085541
9.0,699.1220092773438,graph-SAGE,2020-04,1.0,0.2468598634004593,0.2493835836648941,0.2493434101343155
0.0,1.531684688416135e-06,GAT-Conv,2020-04,1.0,0.44415658712387085,0.44251179695129395,0.43769094347953796
1.0,3.413968443055637e-06,GAT-Conv,2020-04,1.0,0.17370329797267914,0.17683319747447968,0.17963767051696777
2.0,8.606510846220772e-07,GAT-Conv,2020-04,1.0,0.1797066181898117,0.1845518797636032,0.18625716865062714
3.0,5.369590212467301e-07,GAT-Conv,2020-04,1.0,0.3457896411418915,0.3495658338069916,0.35163745284080505
4.0,1.7234817732969532e-06,GAT-Conv,2020-04,1.0,0.38147902488708496,0.3829866945743561,0.3814654052257538
5.0,1.3836601056027575e-06,GAT-Conv,2020-04,1.0,0.3850702941417694,0.3860956132411957,0.38540494441986084
6.0,4.442954093519802e-07,GAT-Conv,2020-04,1.0,0.35912737250328064,0.36090266704559326,0.36050811409950256
7.0,2.1651153758739383e-07,GAT-Conv,2020-04,1.0,0.31801533699035645,0.3198970854282379,0.3201211392879486
8.0,2.238228802298181e-07,GAT-Conv,2020-04,1.0,0.2094552367925644,0.21172812581062317,0.2124403715133667
9.0,3.1812018619348237e-07,GAT-Conv,2020-04,1.0,0.19553682208061218,0.19956046342849731,0.20032694935798645
0.0,1248.9212646484375,graph-conv,2020-04,2.0,0.24645785987377167,0.24892796576023102,0.24840542674064636
1.0,1130.3792724609375,graph-conv,2020-04,2.0,0.24645785987377167,0.24892796576023102,0.24840542674064636
2.0,1011.86669921875,graph-conv,2020-04,2.0,0.24645785987377167,0.24892796576023102,0.24840542674064636
3.0,893.3884887695312,graph-conv,2020-04,2.0,0.24645785987377167,0.24892796576023102,0.24840542674064636
4.0,774.9388427734375,graph-conv,2020-04,2.0,0.24645785987377167,0.24892796576023102,0.24840542674064636
5.0,656.5028076171875,graph-conv,2020-04,2.0,0.24645785987377167,0.24892796576023102,0.24840542674064636
6.0,617.6317138671875,graph-conv,2020-04,2.0,0.16071397066116333,0.1625482439994812,0.16503189504146576
7.0,564.6981811523438,graph-conv,2020-04,2.0,0.16071397066116333,0.1625482439994812,0.16503189504146576
8.0,493.9773864746094,graph-conv,2020-04,2.0,0.16071397066116333,0.1625482439994812,0.16503189504146576
9.0,413.1435241699219,graph-conv,2020-04,2.0,0.16071397066116333,0.1625482439994812,0.16503189504146576
0.0,4014.597412109375,graph-SAGE,2020-04,2.0,0.16071397066116333,0.16249464452266693,0.16500508785247803
1.0,3434.254150390625,graph-SAGE,2020-04,2.0,0.16074076294898987,0.16252143681049347,0.16503189504146576
2.0,2907.012939453125,graph-SAGE,2020-04,2.0,0.16077649593353271,0.1623874306678772,0.16508549451828003
3.0,2412.41162109375,graph-SAGE,2020-04,2.0,0.1608390361070633,0.1625482439994812,0.16508549451828003
4.0,1935.5213623046875,graph-SAGE,2020-04,2.0,0.1608479768037796,0.162709042429924,0.1651390939950943
5.0,1476.0499267578125,graph-SAGE,2020-04,2.0,0.16082116961479187,0.162709042429924,0.16527308523654938
6.0,1032.81298828125,graph-SAGE,2020-04,2.0,0.16082116961479187,0.16329866647720337,0.16562148928642273
7.0,616.3906860351562,graph-SAGE,2020-04,2.0,0.1659490019083023,0.1686052680015564,0.1709545999765396
8.0,444.21942138671875,graph-SAGE,2020-04,2.0,0.48333898186683655,0.484053373336792,0.4793107211589813
9.0,427.2283020019531,graph-SAGE,2020-04,2.0,0.4849380850791931,0.48480382561683655,0.4806774854660034
0.0,6.361187843140215e-05,GAT-Conv,2020-04,2.0,0.37321552634239197,0.3730703294277191,0.37235355377197266
1.0,7.4318863880762365e-06,GAT-Conv,2020-04,2.0,0.27729636430740356,0.2765062153339386,0.27659860253334045
2.0,3.769952627408202e-06,GAT-Conv,2020-04,2.0,0.2748664319515228,0.27280768752098083,0.2749370336532593
3.0,3.2201512567553436e-06,GAT-Conv,2020-04,2.0,0.28795403242111206,0.2848949432373047,0.28501367568969727
4.0,3.4200008940388216e-06,GAT-Conv,2020-04,2.0,0.2875162959098816,0.2848145365715027,0.2850404679775238
5.0,3.476111487543676e-06,GAT-Conv,2020-04,2.0,0.28469330072402954,0.28277766704559326,0.2835128903388977
6.0,3.0951400731282774e-06,GAT-Conv,2020-04,2.0,0.2875877618789673,0.286315381526947,0.2864340543746948
7.0,1.9729059204109944e-06,GAT-Conv,2020-04,2.0,0.29427003860473633,0.291729211807251,0.29208874702453613
8.0,9.63114871410653e-07,GAT-Conv,2020-04,2.0,0.28640854358673096,0.2798295319080353,0.2825213074684143
9.0,4.5411525206873193e-07,GAT-Conv,2020-04,2.0,0.29598528146743774,0.28920990228652954,0.29149916768074036
0.0,708.0209350585938,graph-conv,2020-04,3.0,0.16071397066116333,0.1625482439994812,0.16503189504146576
1.0,578.2833862304688,graph-conv,2020-04,3.0,0.16071397066116333,0.1625482439994812,0.16503189504146576
2.0,451.2248840332031,graph-conv,2020-04,3.0,0.16071397066116333,0.1625482439994812,0.16503189504146576
3.0,394.5159912109375,graph-conv,2020-04,3.0,0.5928281545639038,0.588523805141449,0.5865626931190491
4.0,399.6565246582031,graph-conv,2020-04,3.0,0.5928281545639038,0.588523805141449,0.5865626931190491
5.0,390.1701965332031,graph-conv,2020-04,3.0,0.5928281545639038,0.588523805141449,0.5865626931190491
6.0,371.04290771484375,graph-conv,2020-04,3.0,0.5928281545639038,0.588523805141449,0.5865626931190491
7.0,345.11444091796875,graph-conv,2020-04,3.0,0.5928281545639038,0.588523805141449,0.5865626931190491
8.0,314.1812438964844,graph-conv,2020-04,3.0,0.5928281545639038,0.588523805141449,0.5865626931190491
9.0,279.45611572265625,graph-conv,2020-04,3.0,0.5928281545639038,0.588523805141449,0.5865626931190491
0.0,1045.9951171875,graph-SAGE,2020-04,3.0,0.591532826423645,0.5871033668518066,0.5854638814926147
1.0,855.1575317382812,graph-SAGE,2020-04,3.0,0.5003662705421448,0.5017152428627014,0.4972396492958069
2.0,714.45751953125,graph-SAGE,2020-04,3.0,0.5017598867416382,0.5028945207595825,0.49927639961242676
3.0,589.087646484375,graph-SAGE,2020-04,3.0,0.5076739192008972,0.5081743001937866,0.5050114989280701
4.0,643.3068237304688,graph-SAGE,2020-04,3.0,0.32798513770103455,0.32748177647590637,0.3260170519351959
5.0,581.9710693359375,graph-SAGE,2020-04,3.0,0.3281012773513794,0.327883780002594,0.3260170519351959
6.0,430.928955078125,graph-SAGE,2020-04,3.0,0.3281102180480957,0.3271333575248718,0.32596343755722046
7.0,359.5686950683594,graph-SAGE,2020-04,3.0,0.498749315738678,0.4962746500968933,0.4952028691768646
8.0,392.2205810546875,graph-SAGE,2020-04,3.0,0.4907984733581543,0.4903784394264221,0.48804739117622375
9.0,410.4110412597656,graph-SAGE,2020-04,3.0,0.48697492480278015,0.48525944352149963,0.48429542779922485
0.0,0.0008725847001187503,GAT-Conv,2020-04,3.0,0.16071397066116333,0.1625482439994812,0.16503189504146576
1.0,6.376078090397641e-05,GAT-Conv,2020-04,3.0,0.34677231311798096,0.3479577600955963,0.3484750986099243
2.0,1.3155477063264698e-05,GAT-Conv,2020-04,3.0,0.396585613489151,0.400943398475647,0.3998231291770935
3.0,1.3358254363993183e-05,GAT-Conv,2020-04,3.0,0.25347959995269775,0.2567002475261688,0.25558772683143616
4.0,1.2512963621702511e-05,GAT-Conv,2020-04,3.0,0.25116583704948425,0.25423455238342285,0.25373855233192444
5.0,1.1158198503835592e-05,GAT-Conv,2020-04,3.0,0.25023674964904785,0.2528141140937805,0.25282734632492065
6.0,1.0440646292408928e-05,GAT-Conv,2020-04,3.0,0.2495667189359665,0.2521976828575134,0.25213056802749634
7.0,1.0965203728119377e-05,GAT-Conv,2020-04,3.0,0.24906644225120544,0.2516884505748749,0.2511657774448395
8.0,1.1384726349206176e-05,GAT-Conv,2020-04,3.0,0.21782593429088593,0.2216981202363968,0.22219541668891907
9.0,1.1236446880502626e-05,GAT-Conv,2020-04,3.0,0.21569082140922546,0.21923242509365082,0.22056064009666443
0.0,1032.0211181640625,graph-conv,2020-04,4.0,0.24645785987377167,0.24892796576023102,0.24840542674064636
1.0,884.5382690429688,graph-conv,2020-04,4.0,0.24645785987377167,0.24892796576023102,0.24840542674064636
2.0,737.864013671875,graph-conv,2020-04,4.0,0.24645785987377167,0.24892796576023102,0.24840542674064636
3.0,592.0125122070312,graph-conv,2020-04,4.0,0.24645785987377167,0.24892796576023102,0.24840542674064636
4.0,446.987060546875,graph-conv,2020-04,4.0,0.24645785987377167,0.24892796576023102,0.24840542674064636
5.0,302.7793884277344,graph-conv,2020-04,4.0,0.24645785987377167,0.24892796576023102,0.24840542674064636
6.0,223.0919647216797,graph-conv,2020-04,4.0,0.16071397066116333,0.1625482439994812,0.16503189504146576
7.0,185.54437255859375,graph-conv,2020-04,4.0,0.16071397066116333,0.1625482439994812,0.16503189504146576
8.0,131.9537353515625,graph-conv,2020-04,4.0,0.16071397066116333,0.1625482439994812,0.16503189504146576
9.0,68.56739807128906,graph-conv,2020-04,4.0,0.16074076294898987,0.16257503628730774,0.16508549451828003
0.0,1101.8857421875,graph-SAGE,2020-04,4.0,0.5928013920783997,0.5884702205657959,0.5864822864532471
1.0,798.5582275390625,graph-SAGE,2020-04,4.0,0.49160248041152954,0.4876983165740967,0.4867073893547058
2.0,748.066650390625,graph-SAGE,2020-04,4.0,0.16219693422317505,0.16370068490505219,0.16653266549110413
3.0,492.7689208984375,graph-SAGE,2020-04,4.0,0.48606371879577637,0.4835173785686493,0.48483142256736755
4.0,359.5179443359375,graph-SAGE,2020-04,4.0,0.49525630474090576,0.49078044295310974,0.49035215377807617
5.0,230.02915954589844,graph-SAGE,2020-04,4.0,0.586422860622406,0.5830563902854919,0.5805059671401978
6.0,153.57955932617188,graph-SAGE,2020-04,4.0,0.49462202191352844,0.4965158700942993,0.49187973141670227
7.0,405.3717346191406,graph-SAGE,2020-04,4.0,0.24643105268478394,0.2489011585712433,0.24840542674064636
8.0,455.1041564941406,graph-SAGE,2020-04,4.0,0.24643999338150024,0.2489011585712433,0.24837861955165863
9.0,326.0821228027344,graph-SAGE,2020-04,4.0,0.2463238537311554,0.24879395961761475,0.2484322190284729
0.0,inf,GAT-Conv,2020-04,4.0,0.5925333499908447,0.588041365146637,0.5859999060630798
1.0,,GAT-Conv,2020-04,4.0,0.5928281545639038,0.588523805141449,0.5865626931190491
2.0,,GAT-Conv,2020-04,4.0,0.5928281545639038,0.588523805141449,0.5865626931190491
3.0,,GAT-Conv,2020-04,4.0,0.5928281545639038,0.588523805141449,0.5865626931190491
4.0,,GAT-Conv,2020-04,4.0,0.5928281545639038,0.588523805141449,0.5865626931190491
5.0,,GAT-Conv,2020-04,4.0,0.5928281545639038,0.588523805141449,0.5865626931190491
6.0,,GAT-Conv,2020-04,4.0,0.5928281545639038,0.588523805141449,0.5865626931190491
7.0,,GAT-Conv,2020-04,4.0,0.5928281545639038,0.588523805141449,0.5865626931190491
8.0,,GAT-Conv,2020-04,4.0,0.5928281545639038,0.588523805141449,0.5865626931190491
9.0,,GAT-Conv,2020-04,4.0,0.5928281545639038,0.588523805141449,0.5865626931190491
0.0,455.2750549316406,graph-conv,2020-04,5.0,0.24645785987377167,0.24892796576023102,0.24840542674064636
1.0,340.7413635253906,graph-conv,2020-04,5.0,0.24645785987377167,0.24892796576023102,0.24840542674064636
2.0,229.37777709960938,graph-conv,2020-04,5.0,0.24645785987377167,0.24892796576023102,0.24840542674064636
3.0,192.18478393554688,graph-conv,2020-04,5.0,0.5928281545639038,0.588523805141449,0.5865626931190491
4.0,210.46868896484375,graph-conv,2020-04,5.0,0.5928281545639038,0.588523805141449,0.5865626931190491
5.0,215.07992553710938,graph-conv,2020-04,5.0,0.5928281545639038,0.588523805141449,0.5865626931190491
6.0,210.13381958007812,graph-conv,2020-04,5.0,0.5928281545639038,0.588523805141449,0.5865626931190491
7.0,198.07626342773438,graph-conv,2020-04,5.0,0.5928281545639038,0.588523805141449,0.5865626931190491
8.0,180.48834228515625,graph-conv,2020-04,5.0,0.5928281545639038,0.588523805141449,0.5865626931190491
9.0,158.44992065429688,graph-conv,2020-04,5.0,0.5928281545639038,0.588523805141449,0.5865626931190491
0.0,1002.282470703125,graph-SAGE,2020-04,5.0,0.3565634489059448,0.3581421673297882,0.3584177494049072
1.0,917.9947509765625,graph-SAGE,2020-04,5.0,0.4894316494464874,0.48906517028808594,0.48528701066970825
2.0,791.2512817382812,graph-SAGE,2020-04,5.0,0.49646231532096863,0.4958726465702057,0.49131694436073303
3.0,662.5592041015625,graph-SAGE,2020-04,5.0,0.5849130749702454,0.5802690982818604,0.578522801399231
4.0,508.48138427734375,graph-SAGE,2020-04,5.0,0.5830906629562378,0.5784733891487122,0.5766200423240662
5.0,352.9637451171875,graph-SAGE,2020-04,5.0,0.4948006868362427,0.49421098828315735,0.4895481467247009
6.0,229.50587463378906,graph-SAGE,2020-04,5.0,0.4060730040073395,0.4066252112388611,0.4029318690299988
7.0,368.91510009765625,graph-SAGE,2020-04,5.0,0.2358091026544571,0.23633147776126862,0.23696200549602509
8.0,453.1588134765625,graph-SAGE,2020-04,5.0,0.23637191951274872,0.2368675023317337,0.2372835874557495
9.0,423.6732482910156,graph-SAGE,2020-04,5.0,0.23718486726284027,0.2378055304288864,0.23795358836650848
0.0,8.917101695260499e-06,GAT-Conv,2020-04,5.0,0.518018901348114,0.5175010561943054,0.5133193731307983
1.0,7.087291464813461e-07,GAT-Conv,2020-04,5.0,0.34298449754714966,0.3425171673297882,0.3405156135559082
2.0,8.816743388706527e-07,GAT-Conv,2020-04,5.0,0.1640997678041458,0.16699720919132233,0.16907863318920135
3.0,2.737078830250539e-06,GAT-Conv,2020-04,5.0,0.16767317056655884,0.16986492276191711,0.17325936257839203
4.0,2.221512431788142e-06,GAT-Conv,2020-04,5.0,0.20732904970645905,0.21258576214313507,0.21383394300937653
5.0,1.253351570085215e-06,GAT-Conv,2020-04,5.0,0.23978452384471893,0.24254931509494781,0.24226832389831543
6.0,6.96674987921142e-07,GAT-Conv,2020-04,5.0,0.24206256866455078,0.24493460357189178,0.24451948702335358
7.0,3.1383783039018454e-07,GAT-Conv,2020-04,5.0,0.23884651064872742,0.2419060915708542,0.24181272089481354
8.0,1.9868041079007526e-07,GAT-Conv,2020-04,5.0,0.2165037840604782,0.21749034523963928,0.21884547173976898
9.0,2.0832486313793197e-07,GAT-Conv,2020-04,5.0,0.29150959849357605,0.2956153452396393,0.294447124004364
0.0,601.8558959960938,graph-conv,2020-04,6.0,0.16071397066116333,0.1625482439994812,0.16503189504146576
1.0,451.2507019042969,graph-conv,2020-04,6.0,0.16071397066116333,0.1625482439994812,0.16503189504146576
2.0,305.0869445800781,graph-conv,2020-04,6.0,0.16071397066116333,0.1625482439994812,0.16503189504146576
3.0,163.84686279296875,graph-conv,2020-04,6.0,0.16071397066116333,0.1625482439994812,0.16503189504146576
4.0,150.50160217285156,graph-conv,2020-04,6.0,0.5928281545639038,0.588523805141449,0.5865626931190491
5.0,156.6551513671875,graph-conv,2020-04,6.0,0.5928281545639038,0.588523805141449,0.5865626931190491
6.0,146.85806274414062,graph-conv,2020-04,6.0,0.5928281545639038,0.588523805141449,0.5865626931190491
7.0,126.06687927246094,graph-conv,2020-04,6.0,0.5928281545639038,0.588523805141449,0.5865626931190491
8.0,97.1791000366211,graph-conv,2020-04,6.0,0.5928281545639038,0.588523805141449,0.5865626931190491
9.0,62.09329605102539,graph-conv,2020-04,6.0,0.5928281545639038,0.588523805141449,0.5865626931190491
0.0,4113.4599609375,graph-SAGE,2020-04,6.0,0.5928281545639038,0.588523805141449,0.5865626931190491
1.0,3707.1611328125,graph-SAGE,2020-04,6.0,0.5928281545639038,0.588523805141449,0.5865626931190491
2.0,3300.975830078125,graph-SAGE,2020-04,6.0,0.5928281545639038,0.588523805141449,0.5865626931190491
3.0,2891.908203125,graph-SAGE,2020-04,6.0,0.5928281545639038,0.588523805141449,0.5865626931190491
4.0,2484.6806640625,graph-SAGE,2020-04,6.0,0.5928281545639038,0.588523805141449,0.5865626931190491
5.0,2078.422607421875,graph-SAGE,2020-04,6.0,0.5928370952606201,0.5885506272315979,0.5865626931190491
6.0,1672.52685546875,graph-SAGE,2020-04,6.0,0.5928817987442017,0.588604211807251,0.5866162776947021
7.0,1266.48779296875,graph-SAGE,2020-04,6.0,0.5929353833198547,0.588684618473053,0.5867235064506531
8.0,861.144775390625,graph-SAGE,2020-04,6.0,0.5920599102973938,0.5877465605735779,0.5857586860656738
9.0,560.7863159179688,graph-SAGE,2020-04,6.0,0.49147742986679077,0.48775193095207214,0.48842257261276245
0.0,1.5156333574850578e-06,GAT-Conv,2020-04,6.0,0.39624613523483276,0.39362671971321106,0.3899608850479126
1.0,4.182683710496349e-07,GAT-Conv,2020-04,6.0,0.31198519468307495,0.31542131304740906,0.31473442912101746
2.0,8.777798257142422e-07,GAT-Conv,2020-04,6.0,0.2155657559633255,0.21577508747577667,0.21713030338287354
3.0,4.801255499842227e-07,GAT-Conv,2020-04,6.0,0.20108452439308167,0.20189215242862701,0.20324811339378357
4.0,2.5380506940564374e-07,GAT-Conv,2020-04,6.0,0.319918155670166,0.320272296667099,0.31845957040786743
5.0,2.772274001472397e-07,GAT-Conv,2020-04,6.0,0.3866962194442749,0.383093923330307,0.3810098171234131
6.0,3.157171306611417e-07,GAT-Conv,2020-04,6.0,0.3797280490398407,0.3768492639064789,0.37417590618133545
7.0,3.191573796357261e-07,GAT-Conv,2020-04,6.0,0.37213456630706787,0.3699614107608795,0.36836040019989014
8.0,2.9605212148453575e-07,GAT-Conv,2020-04,6.0,0.36471080780029297,0.3637435734272003,0.3615265190601349
9.0,2.503520875052345e-07,GAT-Conv,2020-04,6.0,0.23439761996269226,0.23550064861774445,0.23532722890377045
0.0,2259.60302734375,graph-conv,2020-04,7.0,0.16071397066116333,0.1625482439994812,0.16503189504146576
1.0,2060.61962890625,graph-conv,2020-04,7.0,0.16071397066116333,0.1625482439994812,0.16503189504146576
2.0,1866.9517822265625,graph-conv,2020-04,7.0,0.16071397066116333,0.1625482439994812,0.16503189504146576
3.0,1678.6805419921875,graph-conv,2020-04,7.0,0.16071397066116333,0.1625482439994812,0.16503189504146576
4.0,1495.862548828125,graph-conv,2020-04,7.0,0.16071397066116333,0.1625482439994812,0.16503189504146576
5.0,1318.524169921875,graph-conv,2020-04,7.0,0.16071397066116333,0.1625482439994812,0.16503189504146576
6.0,1146.65625,graph-conv,2020-04,7.0,0.16071397066116333,0.1625482439994812,0.16503189504146576
7.0,980.2086181640625,graph-conv,2020-04,7.0,0.16071397066116333,0.1625482439994812,0.16503189504146576
8.0,819.0775146484375,graph-conv,2020-04,7.0,0.16071397066116333,0.1625482439994812,0.16503189504146576
9.0,667.8031005859375,graph-conv,2020-04,7.0,0.16071397066116333,0.1625482439994812,0.16503189504146576
0.0,3636.025390625,graph-SAGE,2020-04,7.0,0.17110364139080048,0.17487671971321106,0.17650212347507477
1.0,3076.6748046875,graph-SAGE,2020-04,7.0,0.17431971430778503,0.17720840871334076,0.17926247417926788
2.0,2857.196044921875,graph-SAGE,2020-04,7.0,0.24643999338150024,0.24884755909442902,0.24837861955165863
3.0,2464.097412109375,graph-SAGE,2020-04,7.0,0.24643105268478394,0.24884755909442902,0.24837861955165863
4.0,2002.618896484375,graph-SAGE,2020-04,7.0,0.24620772898197174,0.24879395961761475,0.2482714205980301
5.0,1559.756103515625,graph-SAGE,2020-04,7.0,0.17420357465744019,0.17822684347629547,0.180200457572937
6.0,1243.349365234375,graph-SAGE,2020-04,7.0,0.17218460142612457,0.17589515447616577,0.17754730582237244
7.0,901.0989379882812,graph-SAGE,2020-04,7.0,0.17210419476032257,0.1755199432373047,0.17725250124931335
8.0,551.992431640625,graph-SAGE,2020-04,7.0,0.17994782328605652,0.18297062814235687,0.18534597754478455
9.0,355.4809265136719,graph-SAGE,2020-04,7.0,0.4812842905521393,0.4824453294277191,0.48177626729011536
0.0,inf,GAT-Conv,2020-04,7.0,0.5282120704650879,0.5273906588554382,0.5229136347770691
1.0,,GAT-Conv,2020-04,7.0,0.5928281545639038,0.588523805141449,0.5865626931190491
2.0,,GAT-Conv,2020-04,7.0,0.5928281545639038,0.588523805141449,0.5865626931190491
3.0,,GAT-Conv,2020-04,7.0,0.5928281545639038,0.588523805141449,0.5865626931190491
4.0,,GAT-Conv,2020-04,7.0,0.5928281545639038,0.588523805141449,0.5865626931190491
5.0,,GAT-Conv,2020-04,7.0,0.5928281545639038,0.588523805141449,0.5865626931190491
6.0,,GAT-Conv,2020-04,7.0,0.5928281545639038,0.588523805141449,0.5865626931190491
7.0,,GAT-Conv,2020-04,7.0,0.5928281545639038,0.588523805141449,0.5865626931190491
8.0,,GAT-Conv,2020-04,7.0,0.5928281545639038,0.588523805141449,0.5865626931190491
9.0,,GAT-Conv,2020-04,7.0,0.5928281545639038,0.588523805141449,0.5865626931190491
0.0,589.6920166015625,graph-conv,2020-04,8.0,0.16071397066116333,0.1625482439994812,0.16503189504146576
1.0,473.38525390625,graph-conv,2020-04,8.0,0.16071397066116333,0.1625482439994812,0.16503189504146576
2.0,363.6565856933594,graph-conv,2020-04,8.0,0.16071397066116333,0.1625482439994812,0.16503189504146576
3.0,253.43136596679688,graph-conv,2020-04,8.0,0.16071397066116333,0.1625482439994812,0.16503189504146576
4.0,141.91075134277344,graph-conv,2020-04,8.0,0.16071397066116333,0.1625482439994812,0.16503189504146576
5.0,122.68358612060547,graph-conv,2020-04,8.0,0.5928281545639038,0.588523805141449,0.5865626931190491
6.0,129.01840209960938,graph-conv,2020-04,8.0,0.5928281545639038,0.588523805141449,0.5865626931190491
7.0,126.93832397460938,graph-conv,2020-04,8.0,0.5928281545639038,0.588523805141449,0.5865626931190491
8.0,118.7013168334961,graph-conv,2020-04,8.0,0.5928281545639038,0.588523805141449,0.5865626931190491
9.0,105.71678924560547,graph-conv,2020-04,8.0,0.5928281545639038,0.588523805141449,0.5865626931190491
0.0,3709.07666015625,graph-SAGE,2020-04,8.0,0.16071397066116333,0.16252143681049347,0.16503189504146576
1.0,3053.9267578125,graph-SAGE,2020-04,8.0,0.1606961041688919,0.16252143681049347,0.16503189504146576
2.0,2408.126220703125,graph-SAGE,2020-04,8.0,0.16066037118434906,0.1624678373336792,0.1649782955646515
3.0,1775.4215087890625,graph-SAGE,2020-04,8.0,0.16057996451854706,0.16233383119106293,0.16492469608783722
4.0,1202.0380859375,graph-SAGE,2020-04,8.0,0.21013417840003967,0.210816890001297,0.20927801728248596
5.0,853.0241088867188,graph-SAGE,2020-04,8.0,0.3079919219017029,0.3075954020023346,0.30723053216934204
6.0,628.2642211914062,graph-SAGE,2020-04,8.0,0.3190784156322479,0.31743139028549194,0.3164495825767517
7.0,422.28662109375,graph-SAGE,2020-04,8.0,0.3930032551288605,0.3896333575248718,0.39288201928138733
8.0,484.7168273925781,graph-SAGE,2020-04,8.0,0.4940681457519531,0.49351415038108826,0.49131694436073303
9.0,603.9331665039062,graph-SAGE,2020-04,8.0,0.5046097040176392,0.5058158040046692,0.5020367503166199
0.0,inf,GAT-Conv,2020-04,8.0,0.5894691944122314,0.5847984552383423,0.5836683511734009
1.0,,GAT-Conv,2020-04,8.0,0.5928281545639038,0.588523805141449,0.5865626931190491
2.0,,GAT-Conv,2020-04,8.0,0.5928281545639038,0.588523805141449,0.5865626931190491
3.0,,GAT-Conv,2020-04,8.0,0.5928281545639038,0.588523805141449,0.5865626931190491
4.0,,GAT-Conv,2020-04,8.0,0.5928281545639038,0.588523805141449,0.5865626931190491
5.0,,GAT-Conv,2020-04,8.0,0.5928281545639038,0.588523805141449,0.5865626931190491
6.0,,GAT-Conv,2020-04,8.0,0.5928281545639038,0.588523805141449,0.5865626931190491
7.0,,GAT-Conv,2020-04,8.0,0.5928281545639038,0.588523805141449,0.5865626931190491
8.0,,GAT-Conv,2020-04,8.0,0.5928281545639038,0.588523805141449,0.5865626931190491
9.0,,GAT-Conv,2020-04,8.0,0.5928281545639038,0.588523805141449,0.5865626931190491
0.0,615.560302734375,graph-conv,2020-04,9.0,0.5928281545639038,0.588523805141449,0.5865626931190491
1.0,554.4475708007812,graph-conv,2020-04,9.0,0.5928281545639038,0.588523805141449,0.5865626931190491
2.0,495.06622314453125,graph-conv,2020-04,9.0,0.5928281545639038,0.588523805141449,0.5865626931190491
3.0,437.20672607421875,graph-conv,2020-04,9.0,0.5928281545639038,0.588523805141449,0.5865626931190491
4.0,380.513916015625,graph-conv,2020-04,9.0,0.5928281545639038,0.588523805141449,0.5865626931190491
5.0,324.80560302734375,graph-conv,2020-04,9.0,0.5928281545639038,0.588523805141449,0.5865626931190491
6.0,269.9772033691406,graph-conv,2020-04,9.0,0.5928281545639038,0.588523805141449,0.5865626931190491
7.0,215.9058074951172,graph-conv,2020-04,9.0,0.5928281545639038,0.588523805141449,0.5865626931190491
8.0,162.4271697998047,graph-conv,2020-04,9.0,0.5928281545639038,0.588523805141449,0.5865626931190491
9.0,109.34262084960938,graph-conv,2020-04,9.0,0.5928192138671875,0.588523805141449,0.5865358710289001
0.0,1942.411865234375,graph-SAGE,2020-04,9.0,0.24607372283935547,0.24855273962020874,0.24803023040294647
1.0,1424.010009765625,graph-SAGE,2020-04,9.0,0.24634172022342682,0.24833834171295166,0.24786943197250366
2.0,947.7022094726562,graph-SAGE,2020-04,9.0,0.3300219774246216,0.33048349618911743,0.3282950222492218
3.0,735.1235961914062,graph-SAGE,2020-04,9.0,0.5070842504501343,0.5077990889549255,0.5062174797058105
4.0,722.5245971679688,graph-SAGE,2020-04,9.0,0.5016258955001831,0.5025193095207214,0.49935680627822876
5.0,692.0477905273438,graph-SAGE,2020-04,9.0,0.5018402934074402,0.5028676986694336,0.49903520941734314
6.0,645.028564453125,graph-SAGE,2020-04,9.0,0.5062713027000427,0.5072363018989563,0.502411961555481
7.0,595.1290283203125,graph-SAGE,2020-04,9.0,0.5843592286109924,0.5805639028549194,0.5779064297676086
8.0,524.601806640625,graph-SAGE,2020-04,9.0,0.5857170820236206,0.5823059678077698,0.5795143842697144
9.0,456.4989929199219,graph-SAGE,2020-04,9.0,0.49029821157455444,0.4905928373336792,0.4864661991596222
0.0,1.4499051985694678e-06,GAT-Conv,2020-04,9.0,0.5646607875823975,0.5625535845756531,0.5595486760139465
1.0,5.082324605609756e-06,GAT-Conv,2020-04,9.0,0.1848791241645813,0.18838442862033844,0.18853513896465302
2.0,1.8534331047703745e-06,GAT-Conv,2020-04,9.0,0.18644249439239502,0.1895904839038849,0.19108109176158905
3.0,2.663287204995868e-06,GAT-Conv,2020-04,9.0,0.4311493933200836,0.42742282152175903,0.4211288094520569
4.0,2.3568816232000245e-06,GAT-Conv,2020-04,9.0,0.4303721785545349,0.4257611632347107,0.420003205537796
5.0,1.171890858131519e-06,GAT-Conv,2020-04,9.0,0.4283710718154907,0.42455509305000305,0.41925281286239624
6.0,1.4690330090161297e-06,GAT-Conv,2020-04,9.0,0.4285854697227478,0.424662321805954,0.41941362619400024
7.0,1.1128580581498682e-06,GAT-Conv,2020-04,9.0,0.43016669154167175,0.42651158571243286,0.4204588234424591
8.0,5.052374376646185e-07,GAT-Conv,2020-04,9.0,0.37058907747268677,0.3701758086681366,0.3675832152366638
9.0,4.940711164636014e-07,GAT-Conv,2020-04,9.0,0.22417767345905304,0.22378858923912048,0.22661735117435455
